id,datetime,created_at,tweet
1099030788627222528,2019-02-22 19:38:53,22-02-2019 19:38:53,"Neste domingo (24), acontece a 91¬™ edi√ß√£o do Academy Awards, a partir das 22h no canal @TNTbr. Confesso que este ano estou bem indecisa em algumas categorias, mas aqui est√£o as minhas apostas! Confira ~&gt; https://t.co/zny6LZW6Na #Oscars #Oscar2019 https://t.co/BP3He86PS8"
1099024955591802880,2019-02-22 19:15:42,22-02-2019 19:15:42,"Chegou a hora do nosso tradicional cast sobre o Oscar 2019 voltar com muita discuss√£o e alguns palpites das categorias principais. Bora ouvir!
#Oscars #Oscar2019 #OscarNoms #podcastfriday 

&gt;https://t.co/HEVzdCpZMQ&lt; https://t.co/D1NoTcc6a5"
1099022670203703303,2019-02-22 19:06:38,22-02-2019 19:06:38,"Candidatos ao #Oscar2019 tamb√©m competem nas redes sociais
 https://t.co/92a4kp90DQ"
1099016731077627906,2019-02-22 18:43:02,22-02-2019 18:43:02,Pela primeira vez em 30 anos o #Oscars2019 n√£o ter√° um mestre de cerim√¥nias. @KevinHart4real foi querer ser homof√≥bico e se ferrou. H√° academia agiu certo ! #Oscar2019 #Oscar
1099016247537225730,2019-02-22 18:41:06,22-02-2019 18:41:06,"Algumas produ√ß√µes que concorrem ao #Oscar2019 n√£o chegaram e n√£o t√™m previs√£o de serem lan√ßadas no Brasil, saiba mais sobre elas https://t.co/Ynaprxf3bV"
1099015988224425984,2019-02-22 18:40:04,22-02-2019 18:40:04,"Voc√™ gostou de Infiltrado na Klan?
Confira as cr√≠ticas dos filmes indicados aos #Oscars no Cultura Pop A Rigor 
https://t.co/9fjYQ35u1x
#Oscars #Oscars2019 #Oscar2019 #Cinema #Filme https://t.co/c752VO9p3p"
1099010935937794049,2019-02-22 18:20:00,22-02-2019 18:20:00,"#Oscar2019 De forma po√©tica, ‚ÄòGuerra Fria‚Äô retrata idas e vindas de casal da Pol√¥nia comunista 

https://t.co/5RJ8GZGJ8b"
1099009417926926336,2019-02-22 18:13:58,22-02-2019 18:13:58,üìΩNasce Uma Estrela e Pantera Negra #Oscar2019 üíó
1099007171600240641,2019-02-22 18:05:02,22-02-2019 18:05:02,"O Cinema &amp; Movimento traz para o seu leitor uma an√°lise dos curtas-metragens de anima√ß√£o que concorrem ao Oscar 2019. Confira! #Oscar2019
https://t.co/dw1GBVnqri https://t.co/dw1GBVnqri"
1099003430574702594,2019-02-22 17:50:11,22-02-2019 17:50:11,"Domingo teremos a premia√ß√£o do Academy Awards, o Oscar! Que tal aprender um pouco de vocabul√°rio sobre premia√ß√µes de cinema antes do grande evento? #Oscar2019 https://t.co/XCAm0uUg9r"
1099002158048002048,2019-02-22 17:45:07,22-02-2019 17:45:07,"O que voc√™ achou de Green Book?
Confira as cr√≠ticas dos filmes indicados aos #Oscars no Cultura Pop A Rigor 
https://t.co/VdzudgbeRd
#Oscars #Oscars2019 #Oscar2019 #Cinema #GreenBook #Filme https://t.co/jQoUcAy5QH"
1099001409998082055,2019-02-22 17:42:09,22-02-2019 17:42:09,"[N√£o tem arrego! Contra a reforma da Previd√™ncia e ...] https://t.co/Tvx382Cnej
#SextouNaLigaSDV #SextaDetremuraSDV #Sextou #Oscar #Oscars #Oscar2019 Oscar"
1098995332933926913,2019-02-22 17:18:00,22-02-2019 17:18:00,√â hora de #PanteraNegra na nossa s√©rie especial de v√≠deos do #Oscar2019. Ser√° que a Marvel levar√° a estatueta mais desejada da noite? @kelgomes e @silveirarenato avaliam as chances do filme. https://t.co/95AxtmHPZL
1098993956422119424,2019-02-22 17:12:32,22-02-2019 17:12:32,"Todos os #brasileiros merece respeito .
 #Oscar2019 #Oscars #Oscars2019 
#SextaDetremuraSDV #SextouNaLigaSDV #Sextou https://t.co/fntSnlgYwm"
1098992597761249280,2019-02-22 17:07:08,22-02-2019 17:07:08,"Se depender das buscas do Google feita por brasileiros, #Oscar2019 j√° tem seus vencedores. Se liga: https://t.co/jdTnSrq40I"
1098992061485707264,2019-02-22 17:05:00,22-02-2019 17:05:00,"#Oscar2019 l Se voc√™ fosse indicado ao #Oscar, quem seria seu acompanhante na premia√ß√£o? 

Envie sua resposta para o #WhatsApp (11) 99474-8331 ou ligue para o telefone (11) 3170-5800."
1098991174378024961,2019-02-22 17:01:28,22-02-2019 17:01:28,"Chegou a hora de acompanhar a maior premia√ß√£o do cinema mundial. Confira onde foram gravados os indicados a ""Melhor Filme"" do Oscar 2019. #viajonarios #oscar2019 #melhorfilme #locaisdegravacao https://t.co/wOH6CXWzXI https://t.co/VY4JSTrTbp"
1098990845691334656,2019-02-22 17:00:10,22-02-2019 17:00:10,Quem deve ganhar o Oscar 2019 de Melhor Filme? #Oscars2019 #Oscar2019
1098990841576734725,2019-02-22 17:00:09,22-02-2019 17:00:09,Quem deve ganhar o Oscar 2019 de Melhor Filme? #Oscars2019 #Oscar2019
1098990821305737217,2019-02-22 17:00:04,22-02-2019 17:00:04,"chego at√© a suspirar. Finalmente est√° pronta minha resenha de #Roma, indicado ao Oscar 2019 ‚ù§Ô∏è comento sobre imagens do feminino e masculino, a simbologia da √°gua e a dualidade entre c√©u e terra no enredo de Alfonso Cuar√≥n.
https://t.co/I76gExwgBh #oscar2019"
1098989870989623297,2019-02-22 16:56:18,22-02-2019 16:56:18,"#oscar2019 chegando.
#WakandaForever"
1098988578389004288,2019-02-22 16:51:09,22-02-2019 16:51:09,"Preparar pro povo chiar depois das premia√ß√µes #oscars2019
#LadyGaga #Oscar2019  #cinema #Oscars
Cinetese - Teorias da s√©tima arte: Batata Quente de Hollywood 2019 https://t.co/lHkhw7aG39 https://t.co/iLLKIzsKPg"
1098987257426526208,2019-02-22 16:45:55,22-02-2019 16:45:55,"Demorei mas vi
A Favorita n√£o pode ser subestimada nem um pouco, que filme foda
#Oscar2019"
1098986682282590208,2019-02-22 16:43:37,22-02-2019 16:43:37,"O #Oscar2019 acontece no pr√≥ximo domingo. Pra entrar no clima, confira 8 filmes que ganharam o Oscar e est√£o dispon√≠veis na Netflix.
https://t.co/UNLZKCy2oO"
1098984315701153793,2019-02-22 16:34:13,22-02-2019 16:34:13,"#Oscar2019 categorias ditas principais;

Anotem:

Melhor filme: Roma
deveria ser Pantera Negra

Ator: Christian Bale
mas algo me diz que Rami Malek leva

Atriz: Glenn Close"
1098982420177657857,2019-02-22 16:26:41,22-02-2019 16:26:41,"Domingo √© dia da cerim√¥nia do #Oscar2019! Ainda n√£o conferiu a lista dos indicados? Corre l√° no site! E a√≠, para quem voc√™s ir√£o torcer? Conte pra gente! https://t.co/FYzSJ5OUbh https://t.co/AN7unYmaVm"
1098977624104321024,2019-02-22 16:07:38,22-02-2019 16:07:38,"Quem ganhou o Oscar no ano em que vc nasceu? ü§î Descubra no blog!

https://t.co/vYBPbachBM

#Oscar #Oscar2019 #Oscars #ator #atriz #filme #movie #film #filmes #Hollywood #redcarpet #academyawards #cinema #oscarnoms #netflix #movies #movie #sextou #SextaDetremuraSDV #aniversario https://t.co/uW4MzHrm6e"
1098977105096986624,2019-02-22 16:05:34,22-02-2019 16:05:34,"Oi! J√° peguei o voo pra LA porque domingo tem #Oscar2019 e eu vou cobrir os rol√™ tudo beeem menininha. Use a hashtag #ThunderNoOscar pra gente comentar e ficar BFFs. Pelamor, n√£o me faz flopar essa cobertura que t√¥ cheio de boleto pra pagar. #Oscars https://t.co/EuSk7m9wqU"
1098976836703436801,2019-02-22 16:04:30,22-02-2019 16:04:30,"Finalmente acabei a Maratona #Oscar2019 :
#AStarIsBorn  ‚úì
#BohemianRhapsody‚Å† ‚Å†‚Å† ‚Å†‚Å† ‚Å†  ‚úì
#ROMA ‚úì
#BlackPanther  ‚úì
#BlacKkKlansman ‚úì
#ViceMovie‚Å† ‚Å†‚Å† ‚Å†‚Å† ‚Å† ‚úì
#GreenBook ‚úì
#TheFavourite ‚úì"
1098976175249072129,2019-02-22 16:01:52,22-02-2019 16:01:52,"Minhas apostas do #Oscar2019
Melhor filme e Figurino: Pantera Negra 
Melhor atriz: Glenn close
Melhor ator: Christian Bale 
Melhor diretor: Alfonso Cuar√≥n - ""Roma""
Melhor can√ß√£o original: Shallow @ladygaga 
Trilha Sonora Original: Bohemian Rhapsody"
1098975283464544258,2019-02-22 15:58:20,22-02-2019 15:58:20,Mais um para s√©rie #oscar2019 https://t.co/Sn1AZ1ZRqf
1098969676783239170,2019-02-22 15:36:03,22-02-2019 15:36:03,UMA S√âRIE DE COISAS por Fernando Martins | #Oscar2019 Os indicados que brilharam em s√©ries de TV - https://t.co/bObJc3mHXv @seriedecoisas_ https://t.co/cP0r9WUWvI
1098968466852331520,2019-02-22 15:31:15,22-02-2019 15:31:15,"Hoje tem #podcast do #cinemacao! Vamos encerrar a bateria de #oscar2019! 
 üëâ Assine nosso cast atrav√©s do feed ou tamb√©m pelo:
 ‚Ä¢ Soundcloud: https://t.co/zYZXun4GXj
 ‚Ä¢ Spotify: https://t.co/TFQk3Odfcr
 ‚Ä¢ Deezer: https://t.co/Xt8iUX6sg0
 ‚Ä¢ iTunes: https://t.co/OYWKxhshil https://t.co/f44wY0wEGr"
1098964977577279494,2019-02-22 15:17:23,22-02-2019 15:17:23,Quer saber quem vai levar o Oscar 2019? Leia aqui: https://t.co/qxuxjiDNLh @AcademyAwardsHD #oscar #Oscar2019 @oscar2019
1098964404132024322,2019-02-22 15:15:06,22-02-2019 15:15:06,"Tamb√©m temos #podcast sobre #Vice. Ou√ßa aqui: https://t.co/UsdoSaimAq

Visite a nossa Central do #Oscar2019 para conferir mais podcasts, v√≠deos e cr√≠ticas dos filmes indicados: https://t.co/cUL0MEDOni"
1098964018587488257,2019-02-22 15:13:34,22-02-2019 15:13:34,J√° sabe quais bandas e cantores tocar√£o no Oscar 2019??? Confira aqui! https://t.co/2AAuCNDnT8 #Oscar2019 https://t.co/81BDmZmzZZ
1098962919943999488,2019-02-22 15:09:12,22-02-2019 15:09:12,Os pr√≥s e os contras de #Vice na disputa pelo #Oscar2019. Confira a opini√£o de @silveirarenato e @kelgomes em mais um v√≠deo da nossa s√©rie especial sobre os oito indicados a Melhor Filme: https://t.co/JuTBsZNqQf
1098962906333544456,2019-02-22 15:09:09,22-02-2019 15:09:09,"N√∫meros do cinema üé¨ | E o Oscar vai para.... Quem responde √© a Matem√°tica ‚ñ∫ https://t.co/DkEj9RR3vB

#IMPA #Matem√°tica #Oscar2019 https://t.co/R582Dk4x5J"
1098950117070172161,2019-02-22 14:18:20,22-02-2019 14:18:20,"Bom dia, quase boa tarde!!!! Que tal se divertir ouvindo um podcast super divertido, especial Oscar 2019?! Esse √© o @FragmentadoPod. Aproveitem!!!
#oscar2019 
#SextaDetremuraSDV 
#Podcast"
1098948460634615808,2019-02-22 14:11:45,22-02-2019 14:11:45,E L√Å VEM OSCAR 2019   AGENDA EP 101 https://t.co/pRnoTQ6wpY via @YouTube #oscar2019 #sextadetremurasdv #friday #ff
1098946970880757760,2019-02-22 14:05:49,22-02-2019 14:05:49,"O #Oscar2019 √© domingo, e j√° fizemos nossas apostas, indicamos favoritos e tudo mais. Ou√ßam e aproveitem p/ participar da nossa brincadeira do Bol√£o da Varanda https://t.co/AxmDI31sPI"
1098945766767448065,2019-02-22 14:01:02,22-02-2019 14:01:02,"Domingo √© dia de #Oscar2019, ent√£o l√° vai minha ordem de prefer√™ncia na categoria Melhor Filme: https://t.co/MHSOZnBSJE"
1098944675220721664,2019-02-22 13:56:42,22-02-2019 13:56:42,"Hoje √© sexta, mas minha cabe√ßa j√° est√° no domingo #Oscar2019"
1098942559542480897,2019-02-22 13:48:18,22-02-2019 13:48:18,Pegue a pipoca üçø e se prepare para a grande premia√ß√£o do ano! Vamos conversar com o cr√≠tico Roberto Sadovsky sobre o #Oscar2019! üéû https://t.co/l4gdqfpjd7
1098942509919731712,2019-02-22 13:48:06,22-02-2019 13:48:06,"PORTAL PN - OPINI√ÉO// Psic√≥loga e Especialista em Terapia Cognitivo Comportamental Ellen Moraes Senra  escreve sobre import√¢ncia dos negros se verem representados como protagonistas em filmes e premia√ß√µes.
https://t.co/4AJtcoiNTK
#Oscar2019  #representatividade #negrosnooscar"
1098941413163786240,2019-02-22 13:43:44,22-02-2019 13:43:44,"Meu ranking do #Oscar2019

1 Roma
2 Nasce uma Estrela
3 Infiltrado na Klan
4 A Favorita
5 Pantera Negra

Abismo

6 Bohemian

Abismo

7 Green Book
8 Vice

Confesso que devo rever #NasceumaEstrela v√°rias vezes esse filme pela vida https://t.co/fvhaL6ghUK"
1098940878834581505,2019-02-22 13:41:37,22-02-2019 13:41:37,Domingo tem o #Oscar2019 e n√≥s estaremos online.... https://t.co/Uvsi2VpFKB
1098940504207613952,2019-02-22 13:40:08,22-02-2019 13:40:08,"O #Oscar2019 est√° chegando e nada mais justo que relembrar os melhores looks da √∫ltima edi√ß√£o! ‚ú®

https://t.co/TGdTYyWLT7"
1098934608840847361,2019-02-22 13:16:42,22-02-2019 13:16:42,"Era melhor fazer na casa do Rogerinho (@caitomainier) e acender os cigarros que t√£o l√° pra espantar o Ciclista, porque o incenso do ano passado N√ÉO FOI SUFICIENTE!
Informa√ß√£ozinha que eu t√¥ trazendo aqui!
 #ChoqueNoOscar #ChoqueDeCultura #Oscar #Oscar2019 https://t.co/0codL3x2WG"
1098934576808947718,2019-02-22 13:16:34,22-02-2019 13:16:34,"P√¥ster ""Blackkklansman"", 2019.

Dispon√≠vel na https://t.co/p69o7XtPiw

‚ñ∂Tiragem limitada √† 15 c√≥pias
‚ñ∂Impress√£o em papel 250g
‚ñ∂Dimens√µes 30cm x 42cm
‚ñ∂Dispon√≠vel em dois idiomas
‚ñ∂Assinadas e datadas

#Poster #ArtedoBalduino #InfiltradonaKlan #Oscar2019 #Oscars #Blackkklansman https://t.co/szAzN0YruE"
1098933712790700033,2019-02-22 13:13:08,22-02-2019 13:13:08,Terminei de assistir todos os indicados a melhor filme. Agora t√¥ pronto pro #Oscar2019
1098932324778078209,2019-02-22 13:07:38,22-02-2019 13:07:38,"Dos indicados ao #oscar2019 de melhor filme eu daria √† Pantera Negra, merece historicamente falando. O que ""menos merece"" √© o Bohemian Rhapsody pelo mesmo motivo!"
1098929829158768640,2019-02-22 12:57:43,22-02-2019 12:57:43,Quero saber onde vou assistir esse #Oscar2019 domingo ü§®üßê
1098928015424323587,2019-02-22 12:50:30,22-02-2019 12:50:30,#AllTheStars √© muito melhor que #Shallow. Aceitem! #oscar2019 https://t.co/aXBfvssIdM
1098925682908975104,2019-02-22 12:41:14,22-02-2019 12:41:14,"#Oscars #Oscar2019 #AcademyAwards

***MELHOR TRILHA SONORA ORIGINAL***
Vai ganhar: ‚ÄúSe a Rua Beale Falasse‚Äù
Deveria ganhar: ‚ÄúPantera Negra‚Äù
Pode ganhar: ‚ÄúInfiltrado na Klan‚Äù"
1098925639158112256,2019-02-22 12:41:04,22-02-2019 12:41:04,"#Oscars #Oscar2019 #AcademyAwards

***MELHOR CAN√á√ÉO ORIGINAL***
Vai ganhar: ‚ÄúShallow‚Äù (‚ÄúNasce Uma Estrela‚Äù)
Deveria ganhar: ‚ÄúShallow‚Äù (‚ÄúNasce Uma Estrela‚Äù)
Pode ganhar: ‚ÄúAll the Stars‚Äù (‚ÄúPantera Negra‚Äù)"
1098925521012998144,2019-02-22 12:40:35,22-02-2019 12:40:35,"#Oscars #Oscar2019 #AcademyAwards

***MELHOR FOTOGRAFIA*** (indicado ‚ÄúNever Look Away‚Äù ‚Äì ‚ÄúNunca Deixe de Lembrar‚Äù n√£o assistido)
Vai ganhar: ‚ÄúRoma‚Äù
Deveria ganhar: ‚ÄúRoma‚Äù
Pode ganhar: ‚ÄúGuerra Fria‚Äù"
1098925416931299330,2019-02-22 12:40:11,22-02-2019 12:40:11,"#Oscars #Oscar2019 #AcademyAwards

***MELHOR DOCUMENT√ÅRIO***
Vai ganhar: ‚ÄúFree Solo‚Äù
Deveria ganhar: ‚ÄúMinding the Gap‚Äù
Pode ganhar: ‚ÄúRBG‚Äù

***MELHOR MONTAGEM***
Vai ganhar: ‚ÄúBohemian Rhapsody‚Äù
Deveria ganhar: ‚ÄúVice‚Äù
Pode ganhar: ‚ÄúVice‚Äù"
1098925288635932675,2019-02-22 12:39:40,22-02-2019 12:39:40,"#Oscars #Oscar2019 #AcademyAwards

***MELHOR FILME ESTRANGEIRO*** (indicado ‚ÄúNever Look Away‚Äù ‚Äì ‚ÄúNunca Deixe de Lembrar‚Äù n√£o assistido)
Vai ganhar: ‚ÄúRoma‚Äù
Deveria ganhar: ‚ÄúRoma‚Äù
Pode ganhar: ‚ÄúGuerra Fria‚Äù"
1098925182251606016,2019-02-22 12:39:15,22-02-2019 12:39:15,"#Oscars #Oscar2019 #AcademyAwards

***MELHOR ROTEIRO ADAPTADO***
Vai ganhar: ‚ÄúInfiltrado na Klan‚Äù
Deveria ganhar: ‚ÄúInfiltrado na Klan‚Äù
Pode ganhar: ‚ÄúPoderia Me Perdoar?‚Äù"
1098925062063833090,2019-02-22 12:38:46,22-02-2019 12:38:46,"https://t.co/oujo87pmym

Ponto de vista do canal ( YouTube) Meus Dois Centavos sobre o #Oscar2019."
1098925039213264896,2019-02-22 12:38:41,22-02-2019 12:38:41,"#Oscars #Oscar2019 #AcademyAwards

***MELHOR ROTEIRO ORIGINAL***
Vai ganhar: ‚ÄúThe Favourite‚Äù
Deveria ganhar: ‚ÄúNo Cora√ß√£o das Trevas‚Äù
Pode ganhar: Richard ‚ÄúGreen Book ‚Äì O Guia‚Äù"
1098924877157928960,2019-02-22 12:38:02,22-02-2019 12:38:02,"#Oscars #Oscar2019 #AcademyAwards

***MELHOR ATOR COADJUVANTE***
Vai ganhar: Mahershala Ali, ‚ÄúGreen Book ‚Äì o Guia‚Äù
Deveria ganhar: Richard E. Grant (‚ÄúPoderia Me Perdoar?‚Äù)
Pode ganhar: Richard E. Grant (Poderia Me Perdoar?)"
1098924754923339776,2019-02-22 12:37:33,22-02-2019 12:37:33,"#Oscars #Oscar2019 #AcademyAwards

***MELHOR ATRIZ COADJUVANTE***
Vai ganhar: Regina King, ""Se a Rua Beale Falasse""
Deveria ganhar: Regina King, ""Se a Rua Beale Falasse""
Pode ganhar: Rachel Weisz, ‚ÄúA Favorita‚Äù"
1098924648086102017,2019-02-22 12:37:07,22-02-2019 12:37:07,"#Oscars #Oscar2019 #AcademyAwards

***MELHOR ATOR***
Vai ganhar: Rami Malek, ‚ÄúBohemian Rhapsody‚Äù
Deveria ganhar: Willem Dafoe, ""No Portal da Eternidade""
Pode ganhar: Christian Bale, ""Vice"""
1098924539285831680,2019-02-22 12:36:41,22-02-2019 12:36:41,"#Oscars #Oscar2019 #AcademyAwards

***MELHOR ATRIZ***
Vai ganhar: Glenn Close, ‚ÄúA Esposa‚Äù
Deveria ganhar: Glenn Close, ‚ÄúA Esposa‚Äù
Pode ganhar: Olivia Colman, ‚ÄúA Favorita‚Äù"
1098924341654441984,2019-02-22 12:35:54,22-02-2019 12:35:54,"#Oscars #Oscar2019 #AcademyAwards

***MELHOR FILME***
Vai ganhar: ‚ÄúRoma‚Äù
Deveria ganhar: ‚ÄúRoma‚Äù
Pode ganhar: ‚ÄúGreen Book ‚Äì O Guia‚Äù 

***MELHOR DIRETOR***
Vai ganhar: Alfonso Cu√°ron, ‚ÄúRoma‚Äù
Deveria ganhar: Alfonso Cu√°ron, ‚ÄúRoma‚Äù
Pode ganhar: Spike Lee, ‚ÄúInfiltrado na Klan‚Äù"
1098924104395165696,2019-02-22 12:34:58,22-02-2019 12:34:58,"Palpiteiro eu.

#Oscars #Oscar2019 #AcademyAwards

Siga a thread."
1098923873142214656,2019-02-22 12:34:03,22-02-2019 12:34:03,Fa√ßam suas apostas. #metrojornal #oscar2019 #oscar #hollywood #cinema #indicados https://t.co/lqUTQAEqNz
1098918103914819584,2019-02-22 12:11:07,22-02-2019 12:11:07,Vcs t√£o de brincadeira @jovemnerd @azaghal @erico_borgo @marcelohessel @CoxinhaNerd @DivaDepressao @brunobock @Rolandinho @ramos_leandro @DanielSFurlan @otaviouga qual live do Oscar eu vejo??? #MeAjudaA√≠ #Oscar2019 #Confusa
1098916568816410624,2019-02-22 12:05:01,22-02-2019 12:05:01,"Saiu a cr√≠tica de #AFavorita, bem √† tempo para o #Oscar2019 - https://t.co/mSTUocKOou
#TheFavourite #Oscars2019 https://t.co/dilLsT0T6U"
1098915483233902594,2019-02-22 12:00:42,22-02-2019 12:00:42,Domingo √© dia de #Oscar2019 e a gente vai ficando cada vez mais pr√≥ximo de descobrir qual desses artistas sair√£o vitoriosos da maior #premia√ß√£o de #cinema do planeta! Pra quem vai sua torcida? Me conta nos... https://t.co/f6zejKUypQ
1098911784570896384,2019-02-22 11:46:00,22-02-2019 11:46:00,"E voc√™ ai pensando que s√≥ em Hollywood ""o bicho pega""... #Oscar2019 em segundo plano para os acontecimentos em #noronha"
1098909789181100032,2019-02-22 11:38:05,22-02-2019 11:38:05,"Olar galera bonita! Neste fim de semana acontecer√° a premia√ß√£o do Oscar e claro que iremos cobrir por aqui e pelo nosso Instagram! Fiquem ligados!

#Oscars #Oscar2019"
1098907521987895297,2019-02-22 11:29:04,22-02-2019 11:29:04,"Podia ser o trailer de um filme candidato ao #OSCAR2019 mas √© um apelo ao voto para os @premiosesports cujo prazo termina amanh√£, dia 23. 

Vota @Offset_Esports em: https://t.co/aO6XNhOvtm

#NoDaysOFF @zlynxCSGO 

@noblechairs  | @ASUSPT | @ASUS_ROG | #betpt https://t.co/uKkWa304IH"
1098906454797488128,2019-02-22 11:24:50,22-02-2019 11:24:50,"Ansiedade para ver quem vai da ""PT"" no #Oscar2019 desse ano!! üòç"
1098894873980272640,2019-02-22 10:38:49,22-02-2019 10:38:49,"Quem leva o pr√™mio de melhor ator coadjuvante?

#oscar2019 #dolbytheater #cinehallaudiovideoeautomacao #pqexigentessomosnos #cinehall14anos https://t.co/y9tCtJHZoz"
1098885336808214528,2019-02-22 10:00:55,22-02-2019 10:00:55,"Terminei de ver, agora h√° pouco, o filme ""GREEN BOOK - O GUIA"", que est√° concorrendo a estatueta do Oscar, √≥timo filme! #MaratonaOscar2019 #Oscars #Oscar2019 nessa #SextaDetremuraSDV https://t.co/6g9TzhZWIr"
1098882004605517824,2019-02-22 09:47:40,22-02-2019 09:47:40,"Nova coluna #Animaland, desta vez falo sobre #OsIncr√≠veis2 e suas possibilidades no #Oscar2019. Acessa o portal do cosmonerdbr e leia! #anima√ß√£o #oscar‚Ä¶ https://t.co/swKCmLyymD"
1098880966020530177,2019-02-22 09:43:33,22-02-2019 09:43:33,"Cr√≠tico de cinema fala das expectativas para o Oscar 2019; ou√ßa podcast https://t.co/4VheWRf4Yl?
utm_source=twitter&amp;utm_medium=social&amp;utm_campaign=comptw

#Oscar2019"
1098863321946775552,2019-02-22 08:33:26,22-02-2019 08:33:26,No Refil: CO2 - Epis√≥dio 54 - Cervo Zumbi e a Picada de Cobra Transmiss√≠vel - https://t.co/4Y0STP6u7R #Vingadores #bilheteriaeua #Marvel #bilheteriacinema #Miotti #bilheteriabrasil #CO2 #oscar2019
1098813435683442689,2019-02-22 05:15:12,22-02-2019 05:15:12,"Belos filmes no Oscar.. Roma, Vice, Pantera Negra e meus favoritos Infiltrado na Klan e Green Book. #Oscar2019"
1098805909483081728,2019-02-22 04:45:18,22-02-2019 04:45:18,Pronto...assisti todos aos indicados #ListaConcluida #Oscar2019 https://t.co/N8x59mGOvZ
1098805229896720384,2019-02-22 04:42:36,22-02-2019 04:42:36,Daqueles filmes que nos arrependemos de n√£o ver no cinema... Na minha maratona do #Oscar2019 #bohemianrhapsody. Freddie sempre ser√° o melhor de todos os tempos https://t.co/Yyf9P111lI
1098802810575966208,2019-02-22 04:32:59,22-02-2019 04:32:59,"√â domingo j√°, hein?  O #oscar2019  e tor√ßo mais pelas Tretas do qu√™  pelos filmes. #uainerdoficial  #nerd https://t.co/NtKcHXX99v"
1098799878665322497,2019-02-22 04:21:20,22-02-2019 04:21:20,"SEMANA DO OSCAR 2019 - saiba mais sobre o filme ‚ÄúNasce uma Estrela‚Äù que concorre a melhor filme
#oscar2019 #oscars2019 #NASCEUMAESTRELA #LadyGaga 
https://t.co/dOSGxduoIP"
1098780638025400320,2019-02-22 03:04:53,22-02-2019 03:04:53,#panteranegra um dos 8 filmes indicados ao #oscar2019 de Melhor Filme https://t.co/V0HOGBvPS3
1098778446082306049,2019-02-22 02:56:10,22-02-2019 02:56:10,"Foto de Perfil / Foto etiquetada
#RevistaHola #YalitzaAparicio #photoshop #Oscar2019 https://t.co/zzxqOq5fCe"
1098773384605896704,2019-02-22 02:36:03,22-02-2019 02:36:03,@RedeGlobo coloca a @Tatawerneck como comentarista do #Oscar2019 üé¨
1098769770583937025,2019-02-22 02:21:42,22-02-2019 02:21:42,Chateada que n√£o ter√° gl√≥ria Pires no #oscar2019
1098768715359940609,2019-02-22 02:17:30,22-02-2019 02:17:30,O cinema ainda √© a maior divers√£o #cinecafofo #cinema #cine #cafofo #oscar2019 #filmes #frame https://t.co/CYRC89lad1
1098766275629776898,2019-02-22 02:07:48,22-02-2019 02:07:48,Tem @Iradex sobre o #Oscar2019 e eu fiz um microparticipa√ß√£o sobre uma anima√ß√£o de um certo teioso. https://t.co/1ionRuXNiQ
1098762215589625865,2019-02-22 01:51:40,22-02-2019 01:51:40,#ramimalek como #freddiemercury √© simplesmente expetacular!!! #oscar2019 #teamramimalek
1098758335988412418,2019-02-22 01:36:15,22-02-2019 01:36:15,Reta final para o #Oscar2019 ‚Äî assistindo At Eternity's Gate
1098755734265835523,2019-02-22 01:25:55,22-02-2019 01:25:55,"Como esse filme mexeu comigo, meu Deus! William Dafoe mereceu demais a indica√ß√£o pra melhor ator no #Oscar2019 #ateternitysgate https://t.co/WjbBTSFgwx"
1098754450536173568,2019-02-22 01:20:49,22-02-2019 01:20:49,"@AnaPaulaVolei Acabei de ver a reportagem: isso a√≠ √© pavoroso, imagine a press√£o que isso causaria ao pa√≠s, ao #Trump se n√£o fosse descoberto. Principalmente pr√© #Oscar2019. 

Isso beira a terrorismo, pois as consequ√™ncias afetaria inocentes!!"
1098749680522006530,2019-02-22 01:01:52,22-02-2019 01:01:52,"Todo ano gosto de assistir aos indicados ao Oscar, mas n√£o de melhor filme e sim de Roteiros Original e Adaptado. Hoje este est√° em cartaz aqui em casa. #Oscar2019 #Canyoueverforgiveme https://t.co/iA7gFkraTI"
1098741100263682048,2019-02-22 00:27:46,22-02-2019 00:27:46,"Foo Fighters #TestedeIdadeMental 
Rock in Rio 
Minha idade mental 
#OSetimoGuardiao 
#Oscar2019 https://t.co/57V6WjWRCA"
1098740326200680450,2019-02-22 00:24:42,22-02-2019 00:24:42,"Aguardando ansioso essa live do #Oscar2019
https://t.co/QWTm0k8V7E"
1098738719148908544,2019-02-22 00:18:18,22-02-2019 00:18:18,@jornalnacional cancelem o #bbb domingo e vamos logo pro #Oscar2019
1098736582566297606,2019-02-22 00:09:49,22-02-2019 00:09:49,"a ansiedade pro #Oscar2019 t√° grande... vou come√ßar com a live do choque de cultura e terminar  a premia√ß√£o na Globo 
mano, s√≥ queria ter tnt"
1098734425037262850,2019-02-22 00:01:15,22-02-2019 00:01:15,O t√£o esperado Especial Oscar 2019 sobre a categoria de Melhor Filme saiu! Confira a an√°lise de Felipe Aguiar sobre os candidatos a maior premia√ß√£o! #oscar2019 #melhorfilme #especial #filme #movie #coisadecin√©filo #cinema | https://t.co/yQDlJ4pDIn https://t.co/Ku2Eh17ENR
